add-none,2,100,400,106175,265,0
add-none,2,1000,4000,131677,32,871
add-none,2,10000,40000,759252,18,968
add-none,2,100000,400000,5242764,13,358
add-none,4,100,800,131734,164,0
add-none,4,1000,8000,198899,24,1205
add-none,4,10000,80000,1434215,17,-5167
add-none,4,100000,800000,12259325,15,-6392
add-none,8,100,1600,238540,149,0
add-none,8,1000,16000,398884,24,1345
add-none,8,10000,160000,2805960,17,-4961
add-none,8,100000,1600000,28656610,17,-25877
add-none,12,100,2400,348810,145,0
add-none,12,1000,24000,544127,22,-647
add-none,12,10000,240000,4408166,18,-11655
add-none,12,100000,2400000,39370460,16,-147063
add-yield-none,2,10,40,111341,2783,6
add-yield-none,4,10,80,152680,1908,10
add-yield-none,8,10,160,236359,1477,19
add-yield-none,12,10,240,337079,1404,18
add-yield-none,2,20,80,125916,1573,6
add-yield-none,4,20,160,173746,1085,27
add-yield-none,8,20,320,238215,744,70
add-yield-none,12,20,480,363839,757,106
add-yield-none,2,40,160,156342,977,5
add-yield-none,4,40,320,207572,648,46
add-yield-none,8,40,640,288198,450,50
add-yield-none,12,40,960,389749,405,103
add-yield-none,2,80,320,225470,704,5
add-yield-none,4,80,640,288191,450,47
add-yield-none,8,80,1280,385225,300,120
add-yield-none,12,80,1920,509298,265,90
add-yield-none,2,100,400,269999,674,8
add-yield-none,4,100,800,271421,339,40
add-yield-none,8,100,1600,424659,265,116
add-yield-none,12,100,2400,578008,240,-6
add-yield-none,2,1000,4000,1766525,441,0
add-yield-none,4,1000,8000,1835108,229,49
add-yield-none,8,1000,16000,2131478,133,123
add-yield-none,12,1000,24000,3210005,133,168
add-yield-none,2,10000,40000,17244161,431,2
add-yield-none,4,10000,80000,17354850,216,50
add-yield-none,8,10000,160000,18967909,118,112
add-yield-none,12,10000,240000,39845666,166,-408
add-yield-none,2,100000,400000,167511716,418,-307
add-yield-none,4,100000,800000,298171308,372,-30799
add-yield-none,8,100000,1600000,352524698,220,-43466
add-yield-none,12,100000,2400000,457364231,190,-152849
add-none,1,100,200,106106,530,0
add-none,1,1000,2000,115514,57,0
add-none,1,10000,20000,278344,13,0
add-none,1,100000,200000,2178215,10,0
add-none,1,1000000,2000000,20644996,10,0
add-none,2,100,400,90159,225,0
add-none,2,1000,4000,124759,31,408
add-none,2,10000,40000,773803,19,155
add-none,2,100000,400000,6180189,15,-558
add-none,2,1000000,4000000,66490736,16,-99073
add-none,4,100,800,175402,219,10
add-none,4,1000,8000,257558,32,-622
add-none,4,10000,80000,1640693,20,-2921
add-none,4,100000,800000,15328140,19,-75686
add-none,4,1000000,8000000,159653342,19,-446682
add-yield-none,1,100,200,269981,1349,0
add-yield-none,1,1000,2000,1740083,870,0
add-yield-none,1,10000,20000,17368245,868,0
add-yield-none,1,100000,200000,173020029,865,0
add-yield-none,1,1000000,2000000,1728909932,864,0
add-yield-none,2,100,400,344602,861,17
add-yield-none,2,1000,4000,9258217,2314,40
add-yield-none,2,10000,40000,71870800,1796,30
add-yield-none,2,100000,400000,258299218,645,-36130
add-yield-none,2,1000000,4000000,1995936401,498,-169333
add-yield-none,4,100,800,1417581,1771,73
add-yield-none,4,1000,8000,12090204,1511,71
add-yield-none,4,10000,80000,119914695,1498,39
add-yield-none,4,100000,800000,1170487632,1463,-77985
add-yield-none,4,1000000,8000000,2733889744,341,-250758
add-yield-m,2,10000,40000,59877274,1496,0
add-yield-m,4,10000,80000,310521058,3881,0
add-yield-m,8,10000,160000,580679297,3629,0
add-yield-m,12,10000,240000,742757389,3094,0
add-yield-c,2,10000,40000,36588932,914,0
add-yield-c,4,10000,80000,73511722,918,0
add-yield-c,8,10000,160000,147628086,922,0
add-yield-c,12,10000,240000,226148748,942,0
add-yield-s,2,10000,40000,38284930,957,0
add-yield-s,4,10000,80000,91629244,1145,0
add-yield-s,8,1000,16000,19696626,1231,0
add-yield-s,12,1000,24000,53899711,2245,0
add-m,1,10000,20000,725835,36,0
add-m,2,10000,40000,4086931,102,0
add-m,4,10000,80000,14920910,186,0
add-m,8,10000,160000,34514541,215,0
add-m,12,10000,240000,66561813,277,0
add-c,1,10000,20000,503411,25,0
add-c,2,10000,40000,1659135,41,0
add-c,4,10000,80000,5049852,63,0
add-c,8,10000,160000,11919942,74,0
add-c,12,10000,240000,25033406,104,0
add-s,1,10000,20000,399128,19,0
add-s,2,10000,40000,2588358,64,0
add-s,4,10000,80000,10970017,137,0
add-s,8,10000,160000,38236041,238,0
add-s,12,10000,240000,67860249,282,0
add-none,2,100,400,144658,361,-68
add-none,2,1000,4000,175543,43,-383
add-none,2,10000,40000,624040,15,-1967
add-none,2,100000,400000,6489174,16,-40275
add-none,4,100,800,159153,198,0
add-none,4,1000,8000,276831,34,508
add-none,4,10000,80000,1262593,15,3556
add-none,4,100000,800000,12509182,15,-9434
add-none,8,100,1600,254320,158,0
add-none,8,1000,16000,368774,23,-300
add-none,8,10000,160000,3206030,20,-1124
add-none,8,100000,1600000,28491984,17,-10259
add-none,12,100,2400,401896,167,0
add-none,12,1000,24000,560283,23,-587
add-none,12,10000,240000,4343617,18,-1158
add-none,12,100000,2400000,42310157,17,-27319
add-yield-none,2,10,40,153381,3834,6
add-yield-none,4,10,80,215811,2697,3
add-yield-none,8,10,160,268672,1679,13
add-yield-none,12,10,240,362039,1508,14
add-yield-none,2,20,80,116081,1451,7
add-yield-none,4,20,160,150261,939,44
add-yield-none,8,20,320,265956,831,45
add-yield-none,12,20,480,409989,854,60
add-yield-none,2,40,160,218627,1366,0
add-yield-none,4,40,320,267523,836,65
add-yield-none,8,40,640,330866,516,84
add-yield-none,12,40,960,430340,448,172
add-yield-none,2,80,320,249395,779,4
add-yield-none,4,80,640,288044,450,74
add-yield-none,8,80,1280,412335,322,44
add-yield-none,12,80,1920,528478,275,61
add-yield-none,2,100,400,318977,797,0
add-yield-none,4,100,800,363820,454,64
add-yield-none,8,100,1600,462358,288,142
add-yield-none,12,100,2400,560575,233,75
add-yield-none,2,1000,4000,2041477,510,3
add-yield-none,4,1000,8000,2681407,335,-556
add-yield-none,8,1000,16000,2078336,129,120
add-yield-none,12,1000,24000,2219630,92,222
add-yield-none,2,10000,40000,18194179,454,38
add-yield-none,4,10000,80000,18407385,230,107
add-yield-none,8,10000,160000,18232145,113,108
add-yield-none,12,10000,240000,19204812,80,95
add-yield-none,2,100000,400000,176067357,440,200
add-yield-none,4,100000,800000,179557560,224,-3820
add-yield-none,8,100000,1600000,182658263,114,-991
add-yield-none,12,100000,2400000,186688633,77,-2766
add-none,1,100,200,82305,411,0
add-none,1,1000,2000,101607,50,0
add-none,1,10000,20000,294594,14,0
add-none,1,100000,200000,2163748,10,0
add-none,1,1000000,2000000,19372928,9,0
add-none,2,100,400,122416,306,0
add-none,2,1000,4000,190052,47,-76
add-none,2,10000,40000,732390,18,-1498
add-none,2,100000,400000,6508505,16,-39653
add-none,2,1000000,4000000,53037053,13,-283638
add-none,4,100,800,177312,221,33
add-none,4,1000,8000,267265,33,-164
add-none,4,10000,80000,1421087,17,464
add-none,4,100000,800000,15019935,18,-47976
add-none,4,1000000,8000000,136108908,17,-494789
add-yield-none,1,100,200,344865,1724,0
add-yield-none,1,1000,2000,1822242,911,0
add-yield-none,1,10000,20000,15609236,780,0
add-yield-none,1,100000,200000,153116274,765,0
add-yield-none,1,1000000,2000000,1508341653,754,0
add-yield-none,2,100,400,317196,792,29
add-yield-none,2,1000,4000,1965428,491,-17
add-yield-none,2,10000,40000,18119368,452,12
add-yield-none,2,100000,400000,170980964,427,-767
add-yield-none,2,1000000,4000000,1711787068,427,-2946
add-yield-none,4,100,800,372252,465,23
add-yield-none,4,1000,8000,1977969,247,-93
add-yield-none,4,10000,80000,18132796,226,82
add-yield-none,4,100000,800000,184660940,230,-5981
add-yield-none,4,1000000,8000000,1779945794,222,-59697
add-yield-m,2,10000,40000,51760139,1294,0
add-yield-m,4,10000,80000,137730029,1721,0
add-yield-m,8,10000,160000,274532723,1715,0
add-yield-m,12,10000,240000,414831748,1728,0
add-yield-c,2,10000,40000,33555943,838,0
add-yield-c,4,10000,80000,70313404,878,0
add-yield-c,8,10000,160000,153519887,959,0
add-yield-c,12,10000,240000,242395262,1009,0
add-yield-s,2,10000,40000,34172717,854,0
add-yield-s,4,10000,80000,80092897,1001,0
add-yield-s,8,1000,16000,20030912,1251,0
add-yield-s,12,1000,24000,33666185,1402,0
add-m,1,10000,20000,824533,41,0
add-m,2,10000,40000,4041954,101,0
add-m,4,10000,80000,13067436,163,0
add-m,8,10000,160000,36583019,228,0
add-m,12,10000,240000,52421646,218,0
add-c,1,10000,20000,522820,26,0
add-c,2,10000,40000,1849865,46,0
add-c,4,10000,80000,6461043,80,0
add-c,8,10000,160000,14022679,87,0
add-c,12,10000,240000,21280582,88,0
add-s,1,10000,20000,487249,24,0
add-s,2,10000,40000,2863971,71,0
add-s,4,10000,80000,11246573,140,0
add-s,8,10000,160000,43251586,270,0
add-s,12,10000,240000,82034708,341,0
add-none,2,100,400,121005,302,0
add-none,2,1000,4000,137996,34,0
add-none,2,10000,40000,748495,18,-2184
add-none,2,100000,400000,7500597,18,-17071
add-none,4,100,800,149771,187,0
add-none,4,1000,8000,194991,24,462
add-none,4,10000,80000,1437813,17,102
add-none,4,100000,800000,15900708,19,-27057
add-none,8,100,1600,243409,152,0
add-none,8,1000,16000,404431,25,297
add-none,8,10000,160000,3026366,18,-3812
add-none,8,100000,1600000,27762925,17,-25653
add-none,12,100,2400,385616,160,0
add-none,12,1000,24000,546149,22,-840
add-none,12,10000,240000,5803791,24,-8166
add-none,12,100000,2400000,58061029,24,-72195
add-yield-none,2,10,40,115161,2879,0
add-yield-none,4,10,80,160687,2008,0
add-yield-none,8,10,160,316221,1976,8
add-yield-none,12,10,240,433200,1805,9
add-yield-none,2,20,80,119516,1493,1
add-yield-none,4,20,160,177898,1111,33
add-yield-none,8,20,320,342056,1068,69
add-yield-none,12,20,480,454261,946,120
add-yield-none,2,40,160,149565,934,0
add-yield-none,4,40,320,214365,669,37
add-yield-none,8,40,640,428710,669,63
add-yield-none,12,40,960,431769,449,112
add-yield-none,2,80,320,240942,752,0
add-yield-none,4,80,640,273686,427,76
add-yield-none,8,80,1280,393709,307,120
add-yield-none,12,80,1920,515498,268,118
add-yield-none,2,100,400,305570,763,30
add-yield-none,4,100,800,328607,410,43
add-yield-none,8,100,1600,454516,284,121
add-yield-none,12,100,2400,573987,239,200
add-yield-none,2,1000,4000,1957352,489,3
add-yield-none,4,1000,8000,1948500,243,61
add-yield-none,8,1000,16000,2082920,130,126
add-yield-none,12,1000,24000,3048520,127,-626
add-yield-none,2,10000,40000,17101954,427,20
add-yield-none,4,10000,80000,18463078,230,60
add-yield-none,8,10000,160000,18789492,117,2
add-yield-none,12,10000,240000,27222908,113,-6326
add-yield-none,2,100000,400000,182772761,456,-576
add-yield-none,4,100000,800000,186406164,233,6992
add-yield-none,8,100000,1600000,191973433,119,-3558
add-yield-none,12,100000,2400000,236654351,98,1526
add-none,1,100,200,71848,359,0
add-none,1,1000,2000,93018,46,0
add-none,1,10000,20000,289396,14,0
add-none,1,100000,200000,2191505,10,0
add-none,1,1000000,2000000,20574938,10,0
add-none,2,100,400,107181,267,0
add-none,2,1000,4000,118809,29,831
add-none,2,10000,40000,889619,22,330
add-none,2,100000,400000,6118680,15,3147
add-none,2,1000000,4000000,86618169,21,-42773
add-none,4,100,800,114605,143,0
add-none,4,1000,8000,187943,23,516
add-none,4,10000,80000,1521991,19,-39
add-none,4,100000,800000,13304780,16,-35902
add-none,4,1000000,8000000,132845223,16,-217778
add-yield-none,1,100,200,257269,1286,0
add-yield-none,1,1000,2000,1782227,891,0
add-yield-none,1,10000,20000,16643007,832,0
add-yield-none,1,100000,200000,174117826,870,0
add-yield-none,1,1000000,2000000,1619367808,809,0
add-yield-none,2,100,400,265753,664,32
add-yield-none,2,1000,4000,1820083,455,-18
add-yield-none,2,10000,40000,17296639,432,124
add-yield-none,2,100000,400000,188225323,470,-73
add-yield-none,2,1000000,4000000,1700841271,425,-18747
add-yield-none,4,100,800,329312,411,55
add-yield-none,4,1000,8000,2024389,253,74
add-yield-none,4,10000,80000,19193646,239,76
add-yield-none,4,100000,800000,180427642,225,255
add-yield-none,4,1000000,8000000,1943251396,242,-72430
add-yield-m,2,10000,40000,64873183,1621,0
add-yield-m,4,10000,80000,137560295,1719,0
add-yield-m,8,10000,160000,299591546,1872,0
add-yield-m,12,10000,240000,408400751,1701,0
add-yield-c,2,10000,40000,34750859,868,0
add-yield-c,4,10000,80000,75842241,948,0
add-yield-c,8,10000,160000,150552757,940,0
add-yield-c,12,10000,240000,235195693,979,0
add-yield-s,2,10000,40000,35992984,899,0
add-yield-s,4,10000,80000,79432557,992,0
add-yield-s,8,1000,16000,19242814,1202,0
add-yield-s,12,1000,24000,36489200,1520,0
add-m,1,10000,20000,775623,38,0
add-m,2,10000,40000,5909055,147,0
add-m,4,10000,80000,11876077,148,0
add-m,8,10000,160000,34881920,218,0
add-m,12,10000,240000,50334577,209,0
add-c,1,10000,20000,498680,24,0
add-c,2,10000,40000,3527246,88,0
add-c,4,10000,80000,7072367,88,0
add-c,8,10000,160000,15460461,96,0
add-c,12,10000,240000,29713705,123,0
add-s,1,10000,20000,404169,20,0
add-s,2,10000,40000,2491699,62,0
add-s,4,10000,80000,11088131,138,0
add-s,8,10000,160000,39099577,244,0
add-s,12,10000,240000,79829392,332,0
add-none,2,100,400,102776,256,0
add-none,2,1000,4000,139822,34,146
add-none,2,10000,40000,584670,14,431
add-none,2,100000,400000,5314295,13,-7
add-none,4,100,800,116461,145,68
add-none,4,1000,8000,203847,25,1358
add-none,4,10000,80000,1468611,18,1300
add-none,4,100000,800000,13227588,16,-40974
add-none,8,100,1600,236226,147,0
add-none,8,1000,16000,347337,21,2417
add-none,8,10000,160000,2958661,18,-1225
add-none,8,100000,1600000,28647447,17,-24454
add-none,12,100,2400,301913,125,0
add-none,12,1000,24000,609900,25,-1356
add-none,12,10000,240000,4427105,18,-13413
add-none,12,100000,2400000,43955465,18,-145237
add-yield-none,2,10,40,108911,2722,6
add-yield-none,4,10,80,131486,1643,11
add-yield-none,8,10,160,269996,1687,12
add-yield-none,12,10,240,326829,1361,30
add-yield-none,2,20,80,125631,1570,3
add-yield-none,4,20,160,144535,903,-5
add-yield-none,8,20,320,284926,890,21
add-yield-none,12,20,480,341827,712,89
add-yield-none,2,40,160,138662,866,5
add-yield-none,4,40,320,202723,633,41
add-yield-none,8,40,640,305957,478,65
add-yield-none,12,40,960,375218,390,73
add-yield-none,2,80,320,231415,723,12
add-yield-none,4,80,640,288577,450,40
add-yield-none,8,80,1280,363018,283,72
add-yield-none,12,80,1920,497916,259,117
add-yield-none,2,100,400,260051,650,9
add-yield-none,4,100,800,308819,386,45
add-yield-none,8,100,1600,406575,254,107
add-yield-none,12,100,2400,518848,216,109
add-yield-none,2,1000,4000,1776350,444,0
add-yield-none,4,1000,8000,2049766,256,53
add-yield-none,8,1000,16000,2074817,129,142
add-yield-none,12,1000,24000,3182285,132,-205
add-yield-none,2,10000,40000,17476126,436,289
add-yield-none,4,10000,80000,21446851,268,0
add-yield-none,8,10000,160000,19327793,120,-15
add-yield-none,12,10000,240000,29239155,121,-3117
add-yield-none,2,100000,400000,186640828,466,-44
add-yield-none,4,100000,800000,192574074,240,3950
add-yield-none,8,100000,1600000,195128032,121,-4308
add-yield-none,12,100000,2400000,223529448,93,-7352
add-none,1,100,200,95342,476,0
add-none,1,1000,2000,109290,54,0
add-none,1,10000,20000,309052,15,0
add-none,1,100000,200000,2123779,10,0
add-none,1,1000000,2000000,20401311,10,0
add-none,2,100,400,92372,230,0
add-none,2,1000,4000,105434,26,962
add-none,2,10000,40000,689559,17,6
add-none,2,100000,400000,6841786,17,-23529
add-none,2,1000000,4000000,63111463,15,-273140
add-none,4,100,800,141864,177,29
add-none,4,1000,8000,166344,20,1052
add-none,4,10000,80000,1516562,18,-688
add-none,4,100000,800000,14798396,18,-22171
add-none,4,1000000,8000000,122817492,15,-215605
add-yield-none,1,100,200,273504,1367,0
add-yield-none,1,1000,2000,1870026,935,0
add-yield-none,1,10000,20000,16871865,843,0
add-yield-none,1,100000,200000,175945551,879,0
add-yield-none,1,1000000,2000000,2674813226,1337,0
add-yield-none,2,100,400,390233,975,70
add-yield-none,2,1000,4000,7363777,1840,0
add-yield-none,2,10000,40000,58599697,1464,-5323
add-yield-none,2,100000,400000,261453386,653,-10726
add-yield-none,2,1000000,4000000,2889804107,722,-79115
add-yield-none,4,100,800,1582714,1978,95
add-yield-none,4,1000,8000,13547729,1693,110
add-yield-none,4,10000,80000,63701725,796,84
add-yield-none,4,100000,800000,456222444,570,4126
add-yield-none,4,1000000,8000000,3497391366,437,-453424
add-yield-m,2,10000,40000,139247519,3481,0
add-yield-m,4,10000,80000,395846295,4948,0
add-yield-m,8,10000,160000,803328804,5020,0
add-yield-m,12,10000,240000,1182071906,4925,0
add-yield-c,2,10000,40000,134481179,3362,0
add-yield-c,4,10000,80000,135547483,1694,0
add-yield-c,8,10000,160000,295864292,1849,0
add-yield-c,12,10000,240000,368256743,1534,0
add-yield-s,2,10000,40000,75288127,1882,0
add-yield-s,4,10000,80000,295581202,3694,0
add-yield-s,8,1000,16000,80538537,5033,0
add-yield-s,12,1000,24000,68153453,2839,0
add-m,1,10000,20000,1023977,51,0
add-m,2,10000,40000,30930250,773,0
add-m,4,10000,80000,52900253,661,0
add-m,8,10000,160000,65891996,411,0
add-m,12,10000,240000,176998527,737,0
add-c,1,10000,20000,475969,23,0
add-c,2,10000,40000,1577734,39,0
add-c,4,10000,80000,27547034,344,0
add-c,8,10000,160000,40117647,250,0
add-c,12,10000,240000,66661703,277,0
add-s,1,10000,20000,389736,19,0
add-s,2,10000,40000,3248035,81,0
add-s,4,10000,80000,19435287,242,0
add-s,8,10000,160000,27607869,172,0
add-s,12,10000,240000,58869342,245,0
add-none,2,100,400,116382,290,0
add-none,2,1000,4000,126070,31,0
add-none,2,10000,40000,705113,17,-1037
add-none,2,100000,400000,6477941,16,-31684
add-none,4,100,800,144841,181,0
add-none,4,1000,8000,219619,27,251
add-none,4,10000,80000,1456103,18,-3315
add-none,4,100000,800000,13693995,17,-41826
add-none,8,100,1600,267580,167,0
add-none,8,1000,16000,371184,23,1174
add-none,8,10000,160000,2790819,17,-4335
add-none,8,100000,1600000,27058239,16,-50318
add-none,12,100,2400,364035,151,0
add-none,12,1000,24000,578904,24,436
add-none,12,10000,240000,4404904,18,-1519
add-none,12,100000,2400000,40818946,17,-62684
add-yield-none,2,10,40,123354,3083,6
add-yield-none,4,10,80,146264,1828,12
add-yield-none,8,10,160,228484,1428,29
add-yield-none,12,10,240,375429,1564,28
add-yield-none,2,20,80,156580,1957,8
add-yield-none,4,20,160,183862,1149,17
add-yield-none,8,20,320,256582,801,63
add-yield-none,12,20,480,366996,764,123
add-yield-none,2,40,160,179757,1123,13
add-yield-none,4,40,320,201377,629,40
add-yield-none,8,40,640,317774,496,57
add-yield-none,12,40,960,406096,423,100
add-yield-none,2,80,320,246980,771,41
add-yield-none,4,80,640,298810,466,36
add-yield-none,8,80,1280,383914,299,61
add-yield-none,12,80,1920,501911,261,-30
add-yield-none,2,100,400,270976,677,15
add-yield-none,4,100,800,294992,368,46
add-yield-none,8,100,1600,392889,245,119
add-yield-none,12,100,2400,570761,237,209
add-yield-none,2,1000,4000,1984621,496,13
add-yield-none,4,1000,8000,1914872,239,41
add-yield-none,8,1000,16000,2096197,131,115
add-yield-none,12,1000,24000,3025350,126,150
add-yield-none,2,10000,40000,18602586,465,19
add-yield-none,4,10000,80000,18433923,230,30
add-yield-none,8,10000,160000,18348384,114,119
add-yield-none,12,10000,240000,27502623,114,-6297
add-yield-none,2,100000,400000,183241845,458,-176
add-yield-none,4,100000,800000,185346126,231,-1041
add-yield-none,8,100000,1600000,201180786,125,19236
add-yield-none,12,100000,2400000,207418315,86,-17156
add-none,1,100,200,90695,453,0
add-none,1,1000,2000,110594,55,0
add-none,1,10000,20000,280766,14,0
add-none,1,100000,200000,2166048,10,0
add-none,1,1000000,2000000,20364631,10,0
add-none,2,100,400,109246,273,0
add-none,2,1000,4000,171342,42,90
add-none,2,10000,40000,802188,20,-2571
add-none,2,100000,400000,6359874,15,-30628
add-none,2,1000000,4000000,64568403,16,-351313
add-none,4,100,800,142129,177,0
add-none,4,1000,8000,208274,26,-441
add-none,4,10000,80000,1474296,18,-3545
add-none,4,100000,800000,14493393,18,-21074
add-none,4,1000000,8000000,144462441,18,-189907
add-yield-none,1,100,200,242173,1210,0
add-yield-none,1,1000,2000,1760796,880,0
add-yield-none,1,10000,20000,17194796,859,0
add-yield-none,1,100000,200000,161846377,809,0
add-yield-none,1,1000000,2000000,1617869803,808,0
add-yield-none,2,100,400,319813,799,16
add-yield-none,2,1000,4000,1959236,489,24
add-yield-none,2,10000,40000,18911127,472,-14
add-yield-none,2,100000,400000,184103862,460,-456
add-yield-none,2,1000000,4000000,1863743736,465,-6521
add-yield-none,4,100,800,321559,401,47
add-yield-none,4,1000,8000,1971520,246,49
add-yield-none,4,10000,80000,18260432,228,-11
add-yield-none,4,100000,800000,177705361,222,-136
add-yield-none,4,1000000,8000000,1805455578,225,-26492
add-yield-m,2,10000,40000,53475066,1336,0
add-yield-m,4,10000,80000,138513495,1731,0
add-yield-m,8,10000,160000,312070724,1950,0
add-yield-m,12,10000,240000,435115106,1812,0
add-yield-c,2,10000,40000,36091425,902,0
add-yield-c,4,10000,80000,75323650,941,0
add-yield-c,8,10000,160000,154559740,965,0
add-yield-c,12,10000,240000,233131359,971,0
add-yield-s,2,10000,40000,36681773,917,0
add-yield-s,4,10000,80000,83589345,1044,0
add-yield-s,8,1000,16000,18364937,1147,0
add-yield-s,12,1000,24000,33444814,1393,0
add-m,1,10000,20000,778853,38,0
add-m,2,10000,40000,3857822,96,0
add-m,4,10000,80000,15374385,192,0
add-m,8,10000,160000,33025503,206,0
add-m,12,10000,240000,50997580,212,0
add-c,1,10000,20000,475438,23,0
add-c,2,10000,40000,2004975,50,0
add-c,4,10000,80000,6060595,75,0
add-c,8,10000,160000,12752568,79,0
add-c,12,10000,240000,18041514,75,0
add-s,1,10000,20000,411245,20,0
add-s,2,10000,40000,2687650,67,0
add-s,4,10000,80000,10837463,135,0
add-s,8,10000,160000,40675717,254,0
add-s,12,10000,240000,75265862,313,0
add-none,2,100,400,122287,305,0
add-none,2,1000,4000,138568,34,-250
add-none,2,10000,40000,860475,21,393
add-none,2,100000,400000,6333522,15,-12686
add-none,4,100,800,144449,180,0
add-none,4,1000,8000,210457,26,38
add-none,4,10000,80000,1501633,18,-229
add-none,4,100000,800000,15017187,18,-21637
add-none,8,100,1600,249719,156,0
add-none,8,1000,16000,432855,27,-273
add-none,8,10000,160000,3242141,20,-587
add-none,8,100000,1600000,27133109,16,-32261
add-none,12,100,2400,342286,142,0
add-none,12,1000,24000,551492,22,-1237
add-none,12,10000,240000,4162052,17,-10609
add-none,12,100000,2400000,41783761,17,-19226
add-yield-none,2,10,40,111648,2791,8
add-yield-none,4,10,80,161709,2021,11
add-yield-none,8,10,160,280854,1755,12
add-yield-none,12,10,240,352808,1470,31
add-yield-none,2,20,80,139559,1744,14
add-yield-none,4,20,160,183775,1148,2
add-yield-none,8,20,320,274634,858,88
add-yield-none,12,20,480,372910,776,97
add-yield-none,2,40,160,177559,1109,16
add-yield-none,4,40,320,221744,692,43
add-yield-none,8,40,640,300995,470,52
add-yield-none,12,40,960,411738,428,137
add-yield-none,2,80,320,250129,781,11
add-yield-none,4,80,640,254868,398,43
add-yield-none,8,80,1280,381767,298,72
add-yield-none,12,80,1920,531830,276,144
add-yield-none,2,100,400,289171,722,-10
add-yield-none,4,100,800,339560,424,39
add-yield-none,8,100,1600,426265,266,125
add-yield-none,12,100,2400,584776,243,20
add-yield-none,2,1000,4000,1951914,487,5
add-yield-none,4,1000,8000,1951764,243,-30
add-yield-none,8,1000,16000,2050203,128,121
add-yield-none,12,1000,24000,3240043,135,184
add-yield-none,2,10000,40000,18384113,459,20
add-yield-none,4,10000,80000,18411911,230,0
add-yield-none,8,10000,160000,18520708,115,46
add-yield-none,12,10000,240000,28708977,119,-6855
add-yield-none,2,100000,400000,186936396,467,14
add-yield-none,4,100000,800000,184874420,231,-3950
add-yield-none,8,100000,1600000,187796958,117,-2747
add-yield-none,12,100000,2400000,233782821,97,-45582
add-none,1,100,200,101480,507,0
add-none,1,1000,2000,108937,54,0
add-none,1,10000,20000,300630,15,0
add-none,1,100000,200000,2174235,10,0
add-none,1,1000000,2000000,20573203,10,0
add-none,2,100,400,94697,236,0
add-none,2,1000,4000,129187,32,0
add-none,2,10000,40000,770057,19,-2778
add-none,2,100000,400000,6188870,15,-25313
add-none,2,1000000,4000000,61784842,15,-288458
add-none,4,100,800,141442,176,0
add-none,4,1000,8000,207463,25,377
add-none,4,10000,80000,1523079,19,-3732
add-none,4,100000,800000,15338985,19,-40816
add-none,4,1000000,8000000,131885835,16,-75415
add-yield-none,1,100,200,233420,1167,0
add-yield-none,1,1000,2000,1729436,864,0
add-yield-none,1,10000,20000,16338686,816,0
add-yield-none,1,100000,200000,164724491,823,0
add-yield-none,1,1000000,2000000,1615906526,807,0
add-yield-none,2,100,400,280010,700,4
add-yield-none,2,1000,4000,2004851,501,8
add-yield-none,2,10000,40000,18499265,462,14
add-yield-none,2,100000,400000,178818805,447,-2717
add-yield-none,2,1000000,4000000,1751143556,437,-9843
add-yield-none,4,100,800,321773,402,42
add-yield-none,4,1000,8000,1956933,244,48
add-yield-none,4,10000,80000,18584354,232,19
add-yield-none,4,100000,800000,184128415,230,274
add-yield-none,4,1000000,8000000,1857645114,232,-67501
add-yield-m,2,10000,40000,58573537,1464,0
add-yield-m,4,10000,80000,112406717,1405,0
add-yield-m,8,10000,160000,290340805,1814,0
add-yield-m,12,10000,240000,449532968,1873,0
add-yield-c,2,10000,40000,34845647,871,0
add-yield-c,4,10000,80000,72147201,901,0
add-yield-c,8,10000,160000,149386875,933,0
add-yield-c,12,10000,240000,219048431,912,0
add-yield-s,2,10000,40000,37755861,943,0
add-yield-s,4,10000,80000,79665593,995,0
add-yield-s,8,1000,16000,18014609,1125,0
add-yield-s,12,1000,24000,36454173,1518,0
add-m,1,10000,20000,778534,38,0
add-m,2,10000,40000,5312094,132,0
add-m,4,10000,80000,11338083,141,0
add-m,8,10000,160000,33085073,206,0
add-m,12,10000,240000,52509341,218,0
add-c,1,10000,20000,469243,23,0
add-c,2,10000,40000,2471302,61,0
add-c,4,10000,80000,5341515,66,0
add-c,8,10000,160000,11958874,74,0
add-c,12,10000,240000,18557146,77,0
add-s,1,10000,20000,408737,20,0
add-s,2,10000,40000,1945408,48,0
add-s,4,10000,80000,11490424,143,0
add-s,8,10000,160000,40224488,251,0
add-s,12,10000,240000,88335411,368,0
add-none,2,100,400,296989,742,0
add-none,2,1000,4000,168019,42,0
add-none,2,10000,40000,996155,24,1955
add-none,2,100000,400000,9394958,23,2917
add-none,4,100,800,457155,571,0
add-none,4,1000,8000,483080,60,0
add-none,4,10000,80000,2270657,28,1022
add-none,4,100000,800000,21150576,26,-38239
add-none,8,100,1600,1116281,697,0
add-none,8,1000,16000,976127,61,0
add-none,8,10000,160000,4684443,29,1377
add-none,8,100000,1600000,41633032,26,-42042
add-none,12,100,2400,1565584,652,0
add-none,12,1000,24000,1679790,69,0
add-none,12,10000,240000,6329925,26,-3130
add-none,12,100000,2400000,61693796,25,-105774
add-yield-none,2,10,40,398489,9962,0
add-yield-none,4,10,80,426102,5326,7
add-yield-none,8,10,160,1410713,8816,21
add-yield-none,12,10,240,1567493,6531,0
add-yield-none,2,20,80,144291,1803,15
add-yield-none,4,20,160,443173,2769,0
add-yield-none,8,20,320,558738,1746,11
add-yield-none,12,20,480,739009,1539,30
add-yield-none,2,40,160,774125,4838,0
add-yield-none,4,40,320,612948,1915,0
add-yield-none,8,40,640,1954302,3053,0
add-yield-none,12,40,960,798555,831,36
add-yield-none,2,80,320,837332,2616,37
add-yield-none,4,80,640,1193369,1864,40
add-yield-none,8,80,1280,1454660,1136,36
add-yield-none,12,80,1920,1328384,691,132
add-yield-none,2,100,400,975287,2438,35
add-yield-none,4,100,800,378973,473,71
add-yield-none,8,100,1600,1577553,985,34
add-yield-none,12,100,2400,1574298,655,124
add-yield-none,2,1000,4000,2337045,584,23
add-yield-none,4,1000,8000,12333734,1541,78
add-yield-none,8,1000,16000,12571070,785,40
add-yield-none,12,1000,24000,12496312,520,63
add-yield-none,2,10000,40000,119428212,2985,49
add-yield-none,4,10000,80000,106525728,1331,2283
add-yield-none,8,10000,160000,109794805,686,1686
add-yield-none,12,10000,240000,117571681,489,2677
add-yield-none,2,100000,400000,390391823,975,-12155
add-yield-none,4,100000,800000,452255492,565,-74831
add-yield-none,8,100000,1600000,821836835,513,-21021
add-yield-none,12,100000,2400000,1037466071,432,-64692
add-none,1,100,200,235102,1175,0
add-none,1,1000,2000,246571,123,0
add-none,1,10000,20000,493324,24,0
add-none,1,100000,200000,2561466,12,0
add-none,1,1000000,2000000,30684867,15,0
add-none,2,100,400,342667,856,0
add-none,2,1000,4000,168542,42,0
add-none,2,10000,40000,738873,18,-8064
add-none,2,100000,400000,6440597,16,-60415
add-none,2,1000000,4000000,63843844,15,-397032
add-none,4,100,800,167507,209,0
add-none,4,1000,8000,183225,22,175
add-none,4,10000,80000,1831187,22,-11001
add-none,4,100000,800000,17514631,21,-107225
add-none,4,1000000,8000000,172335604,21,-478341
add-yield-none,1,100,200,265661,1328,0
add-yield-none,1,1000,2000,1860066,930,0
add-yield-none,1,10000,20000,16832629,841,0
add-yield-none,1,100000,200000,209694446,1048,0
add-yield-none,1,1000000,2000000,2688322742,1344,0
add-yield-none,2,100,400,1301236,3253,0
add-yield-none,2,1000,4000,10154120,2538,57
add-yield-none,2,10000,40000,36235384,905,-9209
add-yield-none,2,100000,400000,320223630,800,-3606
add-yield-none,2,1000000,4000000,2860161872,715,-292676
add-yield-none,4,100,800,1659853,2074,0
add-yield-none,4,1000,8000,3565136,445,-536
add-yield-none,4,10000,80000,39589147,494,81
add-yield-none,4,100000,800000,486710038,608,-26027
add-yield-none,4,1000000,8000000,2287847648,285,-134394
add-yield-m,2,10000,40000,66541216,1663,0
add-yield-m,4,10000,80000,129389565,1617,0
add-yield-m,8,10000,160000,274925681,1718,0
add-yield-m,12,10000,240000,451180449,1879,0
add-yield-c,2,10000,40000,34511547,862,0
add-yield-c,4,10000,80000,71457992,893,0
add-yield-c,8,10000,160000,153639091,960,0
add-yield-c,12,10000,240000,225038590,937,0
add-yield-s,2,10000,40000,38895039,972,0
add-yield-s,4,10000,80000,79699088,996,0
add-yield-s,8,1000,16000,21803800,1362,0
add-yield-s,12,1000,24000,36211772,1508,0
add-m,1,10000,20000,732246,36,0
add-m,2,10000,40000,6453090,161,0
add-m,4,10000,80000,15202311,190,0
add-m,8,10000,160000,33235953,207,0
add-m,12,10000,240000,55811343,232,0
add-c,1,10000,20000,483240,24,0
add-c,2,10000,40000,4115969,102,0
add-c,4,10000,80000,5792782,72,0
add-c,8,10000,160000,13981701,87,0
add-c,12,10000,240000,21590652,89,0
add-s,1,10000,20000,378869,18,0
add-s,2,10000,40000,2444960,61,0
add-s,4,10000,80000,9526586,119,0
add-s,8,10000,160000,37933840,237,0
add-s,12,10000,240000,85616941,356,0
add-none,2,100,400,150487,376,0
add-none,2,1000,4000,189820,47,453
add-none,2,10000,40000,807961,20,-1882
add-none,2,100000,400000,6494524,16,-39880
add-none,4,100,800,147833,184,0
add-none,4,1000,8000,264096,33,-425
add-none,4,10000,80000,1619463,20,-4415
add-none,4,100000,800000,12589088,15,-4322
add-none,8,100,1600,303934,189,50
add-none,8,1000,16000,470009,29,1353
add-none,8,10000,160000,3091668,19,-2237
add-none,8,100000,1600000,27997006,17,-50950
add-none,12,100,2400,421252,175,5
add-none,12,1000,24000,625188,26,466
add-none,12,10000,240000,4371484,18,-1584
add-none,12,100000,2400000,41526305,17,-16816
add-yield-none,2,10,40,164258,4106,2
add-yield-none,4,10,80,197403,2467,13
add-yield-none,8,10,160,308189,1926,23
add-yield-none,12,10,240,428943,1787,6
add-yield-none,2,20,80,143168,1789,0
add-yield-none,4,20,160,207266,1295,31
add-yield-none,8,20,320,340714,1064,48
add-yield-none,12,20,480,404805,843,62
add-yield-none,2,40,160,224083,1400,15
add-yield-none,4,40,320,273822,855,37
add-yield-none,8,40,640,338820,529,63
add-yield-none,12,40,960,418688,436,117
add-yield-none,2,80,320,296522,926,0
add-yield-none,4,80,640,329801,515,48
add-yield-none,8,80,1280,426510,333,87
add-yield-none,12,80,1920,505590,263,21
add-yield-none,2,100,400,317613,794,-5
add-yield-none,4,100,800,347835,434,30
add-yield-none,8,100,1600,451060,281,156
add-yield-none,12,100,2400,551396,229,182
add-yield-none,2,1000,4000,1980765,495,-1
add-yield-none,4,1000,8000,2052699,256,22
add-yield-none,8,1000,16000,2139324,133,89
add-yield-none,12,1000,24000,2240919,93,189
add-yield-none,2,10000,40000,17809169,445,32
add-yield-none,4,10000,80000,18471473,230,8
add-yield-none,8,10000,160000,19105938,119,126
add-yield-none,12,10000,240000,19196455,79,256
add-yield-none,2,100000,400000,169605980,424,-355
add-yield-none,4,100000,800000,181565774,226,-2403
add-yield-none,8,100000,1600000,186603654,116,-1975
add-yield-none,12,100000,2400000,188268175,78,-3237
add-none,1,100,200,100324,501,0
add-none,1,1000,2000,150182,75,0
add-none,1,10000,20000,364550,18,0
add-none,1,100000,200000,2136839,10,0
add-none,1,1000000,2000000,19654700,9,0
add-none,2,100,400,110187,275,0
add-none,2,1000,4000,192323,48,-233
add-none,2,10000,40000,656018,16,-2216
add-none,2,100000,400000,5446128,13,-25265
add-none,2,1000000,4000000,62513796,15,-451563
add-none,4,100,800,183389,229,34
add-none,4,1000,8000,219624,27,-300
add-none,4,10000,80000,1453888,18,-1746
add-none,4,100000,800000,14668460,18,-28964
add-none,4,1000000,8000000,122973376,15,-98632
add-yield-none,1,100,200,374793,1873,0
add-yield-none,1,1000,2000,1784085,892,0
add-yield-none,1,10000,20000,15634359,781,0
add-yield-none,1,100000,200000,152693068,763,0
add-yield-none,1,1000000,2000000,1532859654,766,0
add-yield-none,2,100,400,311391,778,-5
add-yield-none,2,1000,4000,1927789,481,1
add-yield-none,2,10000,40000,17636820,440,-58
add-yield-none,2,100000,400000,170263999,425,-148
add-yield-none,2,1000000,4000000,1705162623,426,-3229
add-yield-none,4,100,800,389112,486,40
add-yield-none,4,1000,8000,1943096,242,23
add-yield-none,4,10000,80000,18387202,229,-21
add-yield-none,4,100000,800000,180682705,225,-4013
add-yield-none,4,1000000,8000000,1791913582,223,-61621
add-yield-m,2,10000,40000,51338609,1283,0
add-yield-m,4,10000,80000,137685750,1721,0
add-yield-m,8,10000,160000,285899374,1786,0
add-yield-m,12,10000,240000,418948316,1745,0
add-yield-c,2,10000,40000,38735629,968,0
add-yield-c,4,10000,80000,75957465,949,0
add-yield-c,8,10000,160000,153050889,956,0
add-yield-c,12,10000,240000,244455625,1018,0
add-yield-s,2,10000,40000,33836776,845,0
add-yield-s,4,10000,80000,89878353,1123,0
add-yield-s,8,1000,16000,18753291,1172,0
add-yield-s,12,1000,24000,34578454,1440,0
add-m,1,10000,20000,737698,36,0
add-m,2,10000,40000,3888791,97,0
add-m,4,10000,80000,13192436,164,0
add-m,8,10000,160000,34585193,216,0
add-m,12,10000,240000,49340073,205,0
add-c,1,10000,20000,560696,28,0
add-c,2,10000,40000,1675466,41,0
add-c,4,10000,80000,5705627,71,0
add-c,8,10000,160000,13332927,83,0
add-c,12,10000,240000,22563630,94,0
add-s,1,10000,20000,583435,29,0
add-s,2,10000,40000,2711342,67,0
add-s,4,10000,80000,10219165,127,0
add-s,8,10000,160000,35108944,219,0
add-s,12,10000,240000,86385792,359,0
add-none,2,100,400,107732,269,0
add-none,2,1000,4000,188276,47,61
add-none,2,10000,40000,736929,18,-4132
add-none,2,100000,400000,6362132,15,-42410
add-none,4,100,800,195228,244,0
add-none,4,1000,8000,199984,24,-529
add-none,4,10000,80000,1517722,18,-4727
add-none,4,100000,800000,13739450,17,-31869
add-none,8,100,1600,332855,208,55
add-none,8,1000,16000,414417,25,1381
add-none,8,10000,160000,2896005,18,-1123
add-none,8,100000,1600000,26298178,16,-24524
add-none,12,100,2400,439926,183,0
add-none,12,1000,24000,688633,28,79
add-none,12,10000,240000,4218483,17,-1782
add-none,12,100000,2400000,41595834,17,-13360
add-yield-none,2,10,40,101925,2548,2
add-yield-none,4,10,80,203648,2545,6
add-yield-none,8,10,160,254902,1593,10
add-yield-none,12,10,240,444102,1850,26
add-yield-none,2,20,80,173361,2167,-14
add-yield-none,4,20,160,164385,1027,19
add-yield-none,8,20,320,286040,893,54
add-yield-none,12,20,480,420496,876,65
add-yield-none,2,40,160,206300,1289,19
add-yield-none,4,40,320,246631,770,30
add-yield-none,8,40,640,291901,456,133
add-yield-none,12,40,960,422768,440,24
add-yield-none,2,80,320,303969,949,-6
add-yield-none,4,80,640,281164,439,46
add-yield-none,8,80,1280,438525,342,113
add-yield-none,12,80,1920,484558,252,164
add-yield-none,2,100,400,329537,823,-3
add-yield-none,4,100,800,371559,464,48
add-yield-none,8,100,1600,491965,307,106
add-yield-none,12,100,2400,480070,200,135
add-yield-none,2,1000,4000,1976157,494,0
add-yield-none,4,1000,8000,2020400,252,41
add-yield-none,8,1000,16000,2092626,130,143
add-yield-none,12,1000,24000,2164782,90,165
add-yield-none,2,10000,40000,17752441,443,90
add-yield-none,4,10000,80000,18058196,225,-132
add-yield-none,8,10000,160000,19088533,119,670
add-yield-none,12,10000,240000,18963357,79,144
add-yield-none,2,100000,400000,172384404,430,-571
add-yield-none,4,100000,800000,177040423,221,949
add-yield-none,8,100000,1600000,181500497,113,416
add-yield-none,12,100000,2400000,185193376,77,81
add-none,1,100,200,200915,1004,0
add-none,1,1000,2000,205870,102,0
add-none,1,10000,20000,346772,17,0
add-none,1,100000,200000,2158862,10,0
add-none,1,1000000,2000000,18824099,9,0
add-none,2,100,400,80678,201,0
add-none,2,1000,4000,154757,38,0
add-none,2,10000,40000,749206,18,-2790
add-none,2,100000,400000,6031204,15,-32594
add-none,2,1000000,4000000,62377749,15,-493618
add-none,4,100,800,178381,222,0
add-none,4,1000,8000,196706,24,-35
add-none,4,10000,80000,1533979,19,1173
add-none,4,100000,800000,14696883,18,-49033
add-none,4,1000000,8000000,139355357,17,-408614
add-yield-none,1,100,200,254178,1270,0
add-yield-none,1,1000,2000,1745092,872,0
add-yield-none,1,10000,20000,16109326,805,0
add-yield-none,1,100000,200000,151619065,758,0
add-yield-none,1,1000000,2000000,1531951976,765,0
add-yield-none,2,100,400,317324,793,0
add-yield-none,2,1000,4000,1865067,466,-1
add-yield-none,2,10000,40000,17117053,427,-104
add-yield-none,2,100000,400000,168993743,422,-107
add-yield-none,2,1000000,4000000,1662618210,415,-6941
add-yield-none,4,100,800,354138,442,45
add-yield-none,4,1000,8000,2003934,250,37
add-yield-none,4,10000,80000,18046278,225,-35
add-yield-none,4,100000,800000,180015608,225,-2010
add-yield-none,4,1000000,8000000,1789303973,223,-64743
add-yield-m,2,10000,40000,61489128,1537,0
add-yield-m,4,10000,80000,137336097,1716,0
add-yield-m,8,10000,160000,274745416,1717,0
add-yield-m,12,10000,240000,422332030,1759,0
add-yield-c,2,10000,40000,36670300,916,0
add-yield-c,4,10000,80000,74380685,929,0
add-yield-c,8,10000,160000,154778085,967,0
add-yield-c,12,10000,240000,231461487,964,0
add-yield-s,2,10000,40000,34644663,866,0
add-yield-s,4,10000,80000,87870336,1098,0
add-yield-s,8,1000,16000,18209016,1138,0
add-yield-s,12,1000,24000,32188249,1341,0
add-m,1,10000,20000,798416,39,0
add-m,2,10000,40000,3454456,86,0
add-m,4,10000,80000,15484707,193,0
add-m,8,10000,160000,34563321,216,0
add-m,12,10000,240000,51632842,215,0
add-c,1,10000,20000,548601,27,0
add-c,2,10000,40000,1533249,38,0
add-c,4,10000,80000,6066199,75,0
add-c,8,10000,160000,14024663,87,0
add-c,12,10000,240000,22802326,95,0
add-s,1,10000,20000,458859,22,0
add-s,2,10000,40000,2649767,66,0
add-s,4,10000,80000,8718058,108,0
add-s,8,10000,160000,36357179,227,0
add-s,12,10000,240000,80664740,336,0
add-none,2,100,400,161601,404,-20
add-none,2,1000,4000,133331,33,0
add-none,2,10000,40000,632599,15,-209
add-none,2,100000,400000,5704693,14,-22464
add-none,4,100,800,255759,319,0
add-none,4,1000,8000,254011,31,-61
add-none,4,10000,80000,1500757,18,-553
add-none,4,100000,800000,14694458,18,-41470
add-none,8,100,1600,309779,193,0
add-none,8,1000,16000,425633,26,-73
add-none,8,10000,160000,2900783,18,3376
add-none,8,100000,1600000,29447348,18,-45939
add-none,12,100,2400,359584,149,14
add-none,12,1000,24000,578896,24,-150
add-none,12,10000,240000,4212102,17,-1588
add-none,12,100000,2400000,40368420,16,-27054
add-yield-none,2,10,40,111017,2775,6
add-yield-none,4,10,80,182369,2279,4
add-yield-none,8,10,160,271445,1696,12
add-yield-none,12,10,240,380073,1583,12
add-yield-none,2,20,80,201022,2512,0
add-yield-none,4,20,160,205640,1285,11
add-yield-none,8,20,320,332764,1039,37
add-yield-none,12,20,480,406418,846,79
add-yield-none,2,40,160,207729,1298,6
add-yield-none,4,40,320,265643,830,33
add-yield-none,8,40,640,322035,503,48
add-yield-none,12,40,960,406876,423,117
add-yield-none,2,80,320,231664,723,4
add-yield-none,4,80,640,338325,528,40
add-yield-none,8,80,1280,448054,350,37
add-yield-none,12,80,1920,484329,252,216
add-yield-none,2,100,400,283321,708,-5
add-yield-none,4,100,800,352075,440,39
add-yield-none,8,100,1600,490620,306,114
add-yield-none,12,100,2400,480844,200,27
add-yield-none,2,1000,4000,2110069,527,9
add-yield-none,4,1000,8000,1935673,241,40
add-yield-none,8,1000,16000,2043410,127,135
add-yield-none,12,1000,24000,2174039,90,216
add-yield-none,2,10000,40000,17732811,443,-193
add-yield-none,4,10000,80000,18596868,232,-11
add-yield-none,8,10000,160000,18463548,115,-85
add-yield-none,12,10000,240000,19124943,79,0
add-yield-none,2,100000,400000,170700152,426,-292
add-yield-none,4,100000,800000,179642714,224,-273
add-yield-none,8,100000,1600000,183995305,114,-758
add-yield-none,12,100000,2400000,186947907,77,476
add-none,1,100,200,106034,530,0
add-none,1,1000,2000,123534,61,0
add-none,1,10000,20000,296397,14,0
add-none,1,100000,200000,2109229,10,0
add-none,1,1000000,2000000,19174276,9,0
add-none,2,100,400,150091,375,-50
add-none,2,1000,4000,198608,49,-191
add-none,2,10000,40000,777749,19,-190
add-none,2,100000,400000,5546155,13,-8544
add-none,2,1000000,4000000,57477788,14,-284886
add-none,4,100,800,179991,224,84
add-none,4,1000,8000,189335,23,113
add-none,4,10000,80000,1435340,17,908
add-none,4,100000,800000,13751024,17,-44274
add-none,4,1000000,8000000,146308393,18,-302663
add-yield-none,1,100,200,258146,1290,0
add-yield-none,1,1000,2000,1795982,897,0
add-yield-none,1,10000,20000,15934571,796,0
add-yield-none,1,100000,200000,152688441,763,0
add-yield-none,1,1000000,2000000,1521761318,760,0
add-yield-none,2,100,400,324604,811,1
add-yield-none,2,1000,4000,1936065,484,4
add-yield-none,2,10000,40000,18012426,450,-269
add-yield-none,2,100000,400000,172366795,430,-736
add-yield-none,2,1000000,4000000,1711906629,427,351
add-yield-none,4,100,800,389880,487,41
add-yield-none,4,1000,8000,1940707,242,-43
add-yield-none,4,10000,80000,18267947,228,-9
add-yield-none,4,100000,800000,180484233,225,667
add-yield-none,4,1000000,8000000,1848004048,231,-78946
add-yield-m,2,10000,40000,50717191,1267,0
add-yield-m,4,10000,80000,134737212,1684,0
add-yield-m,8,10000,160000,275865571,1724,0
add-yield-m,12,10000,240000,418785688,1744,0
add-yield-c,2,10000,40000,35319554,882,0
add-yield-c,4,10000,80000,73586996,919,0
add-yield-c,8,10000,160000,155843410,974,0
add-yield-c,12,10000,240000,236208121,984,0
add-yield-s,2,10000,40000,33372603,834,0
add-yield-s,4,10000,80000,75520201,944,0
add-yield-s,8,1000,16000,19947681,1246,0
add-yield-s,12,1000,24000,31239759,1301,0
add-m,1,10000,20000,788673,39,0
add-m,2,10000,40000,3727238,93,0
add-m,4,10000,80000,14882569,186,0
add-m,8,10000,160000,36929724,230,0
add-m,12,10000,240000,52088293,217,0
add-c,1,10000,20000,511242,25,0
add-c,2,10000,40000,1549240,38,0
add-c,4,10000,80000,5230360,65,0
add-c,8,10000,160000,13157147,82,0
add-c,12,10000,240000,20152817,83,0
add-s,1,10000,20000,441962,22,0
add-s,2,10000,40000,2643450,66,0
add-s,4,10000,80000,8886583,111,0
add-s,8,10000,160000,39355025,245,0
add-s,12,10000,240000,85411512,355,0
add-none,2,100,400,88206,220,0
add-none,2,1000,4000,120261,30,94
add-none,2,10000,40000,697851,17,-2450
add-none,2,100000,400000,5922883,14,-30567
add-none,4,100,800,189205,236,0
add-none,4,1000,8000,231024,28,828
add-none,4,10000,80000,1483740,18,-2523
add-none,4,100000,800000,12585643,15,-2604
add-none,8,100,1600,301120,188,0
add-none,8,1000,16000,341730,21,630
add-none,8,10000,160000,3085979,19,-3270
add-none,8,100000,1600000,29512836,18,-47075
add-none,12,100,2400,442131,184,12
add-none,12,1000,24000,733172,30,-913
add-none,12,10000,240000,4283126,17,-388
add-none,12,100000,2400000,40570401,16,-48016
add-yield-none,2,10,40,131608,3290,2
add-yield-none,4,10,80,156886,1961,2
add-yield-none,8,10,160,310808,1942,10
add-yield-none,12,10,240,1619706,6748,-2
add-yield-none,2,20,80,170765,2134,18
add-yield-none,4,20,160,209444,1309,20
add-yield-none,8,20,320,304759,952,42
add-yield-none,12,20,480,394033,820,46
add-yield-none,2,40,160,161124,1007,6
add-yield-none,4,40,320,246152,769,28
add-yield-none,8,40,640,380630,594,51
add-yield-none,12,40,960,448951,467,97
add-yield-none,2,80,320,272611,851,-17
add-yield-none,4,80,640,286077,446,32
add-yield-none,8,80,1280,365921,285,136
add-yield-none,12,80,1920,531865,277,151
add-yield-none,2,100,400,304293,760,-34
add-yield-none,4,100,800,395562,494,67
add-yield-none,8,100,1600,413009,258,139
add-yield-none,12,100,2400,574212,239,77
add-yield-none,2,1000,4000,1935575,483,50
add-yield-none,4,1000,8000,1990191,248,22
add-yield-none,8,1000,16000,2060654,128,136
add-yield-none,12,1000,24000,2193889,91,200
add-yield-none,2,10000,40000,17405136,435,65
add-yield-none,4,10000,80000,18453380,230,-163
add-yield-none,8,10000,160000,18469342,115,131
add-yield-none,12,10000,240000,18943557,78,158
add-yield-none,2,100000,400000,166405193,416,-218
add-yield-none,4,100000,800000,175333736,219,48
add-yield-none,8,100000,1600000,181048583,113,-186
add-yield-none,12,100000,2400000,186490741,77,774
add-none,1,100,200,95581,477,0
add-none,1,1000,2000,99326,49,0
add-none,1,10000,20000,306121,15,0
add-none,1,100000,200000,2117001,10,0
add-none,1,1000000,2000000,18965746,9,0
add-none,2,100,400,138106,345,0
add-none,2,1000,4000,167624,41,224
add-none,2,10000,40000,743325,18,-790
add-none,2,100000,400000,6441157,16,-55074
add-none,2,1000000,4000000,58301873,14,-224534
add-none,4,100,800,171694,214,0
add-none,4,1000,8000,224726,28,207
add-none,4,10000,80000,1654744,20,-591
add-none,4,100000,800000,14068886,17,-30298
add-none,4,1000000,8000000,126300634,15,-367846
add-yield-none,1,100,200,334795,1673,0
add-yield-none,1,1000,2000,1704540,852,0
add-yield-none,1,10000,20000,15109489,755,0
add-yield-none,1,100000,200000,153027727,765,0
add-yield-none,1,1000000,2000000,1496279904,748,0
add-yield-none,2,100,400,283428,708,60
add-yield-none,2,1000,4000,1927291,481,7
add-yield-none,2,10000,40000,17778954,444,-529
add-yield-none,2,100000,400000,173001053,432,-516
add-yield-none,2,1000000,4000000,1732082076,433,-7766
add-yield-none,4,100,800,385760,482,46
add-yield-none,4,1000,8000,1976059,247,111
add-yield-none,4,10000,80000,17933530,224,-2
add-yield-none,4,100000,800000,178685087,223,-6315
add-yield-none,4,1000000,8000000,1785965289,223,-19048
add-yield-m,2,10000,40000,50631547,1265,0
add-yield-m,4,10000,80000,121275068,1515,0
add-yield-m,8,10000,160000,259662333,1622,0
add-yield-m,12,10000,240000,427828097,1782,0
add-yield-c,2,10000,40000,35573387,889,0
add-yield-c,4,10000,80000,73365431,917,0
add-yield-c,8,10000,160000,153716509,960,0
add-yield-c,12,10000,240000,231199910,963,0
add-yield-s,2,10000,40000,33426208,835,0
add-yield-s,4,10000,80000,75281418,941,0
add-yield-s,8,1000,16000,18574312,1160,0
add-yield-s,12,1000,24000,32355002,1348,0
add-m,1,10000,20000,709946,35,0
add-m,2,10000,40000,3930574,98,0
add-m,4,10000,80000,12693923,158,0
add-m,8,10000,160000,32486564,203,0
add-m,12,10000,240000,47989943,199,0
add-c,1,10000,20000,530144,26,0
add-c,2,10000,40000,1531923,38,0
add-c,4,10000,80000,5147002,64,0
add-c,8,10000,160000,11712896,73,0
add-c,12,10000,240000,19997187,83,0
add-s,1,10000,20000,536137,26,0
add-s,2,10000,40000,2813356,70,0
add-s,4,10000,80000,10118070,126,0
add-s,8,10000,160000,37306153,233,0
add-s,12,10000,240000,80712488,336,0
